cluster,Age,Length of Stay,Billing Amount
0,63.97776616742134,7.475966562173459,25532.34028657683
1,63.628300073492,23.579399626886765,25292.827651195297
2,30.74267670633957,15.296235122662132,25756.964843171656
